Normalisiert (ISO);Granularität;Markierung (primär);Funde;Dateien;Rohtext-Beispiele;Kontext;Quelldateien
0203 (WS);Semester (~Okt–Jän);Ereignis;1;1;WS0203;Christian Weber. XML-Grundlagen, Ausarbeitung, http://wwwlgis.informatik.uni-kl.de/archiv/wwwdvs.informatik.uni-kl.de/co;VU4.4_Forschungsinfrastruktur_Tag1.pptx
1881-11;Monat;Ereignis;7;2;November 1881;"…hischer Aufsatz,Typoskriptdurchschlag,""Zweig, Stefan"",""Ich bin am 28. November 1881 in Wien geboren, …"",Deutsch,""2 Blat";"VU4.4_Forschungsinfrastruktur_Tag1.pptx; VU4.4_Forschungsinfrastruktur_Tag3.pptx"
1881-11-28;Tag;Ereignis;7;2;28. November 1881;"…graphischer Aufsatz,Typoskriptdurchschlag,""Zweig, Stefan"",""Ich bin am 28. November 1881 in Wien geboren, …"",Deutsch,""2 ";"VU4.4_Forschungsinfrastruktur_Tag1.pptx; VU4.4_Forschungsinfrastruktur_Tag3.pptx"
1881-12;Monat;Ereignis;2;1;1881-12;"foaf:birthDate ""1881-12-10""^^xsd:date .";7a.3.1_Datenbasierte_Wissensproduktion.pptx
1881-12-10;Tag;Ereignis;2;1;1881-12-10;"foaf:birthDate ""1881-12-10""^^xsd:date .";7a.3.1_Datenbasierte_Wissensproduktion.pptx
1904-02;Monat;Ereignis;2;1;1904-02 / Februar 1904;<dc:title>Brief Stefan Zweig an Moritz Zander, 20. Februar 1904</dc:title>;VU4.4_Forschungsinfrastruktur_Tag2.pptx
1904-02-20;Tag;Ereignis;2;1;1904-02-20 / 20. Februar 1904;<dc:title>Brief Stefan Zweig an Moritz Zander, 20. Februar 1904</dc:title>;VU4.4_Forschungsinfrastruktur_Tag2.pptx
1919;Jahr;Ereignis;2;2;1919;…ionaler Opernsängerinnen — am Fall der Mezzosopranistin Ira Malaniuk (1919–2009) — Professionalisierung, Wissenstransfe;"2026-05-22 Data Librarian Datenmodellierung und Generative KI.md; 7a.3.1_Datenbasierte_Wissensproduktion.pptx"
1920-12;Monat;Ereignis;9;5;Dezember 1920;…he Dimension, der Brief von Friderike Zweig an Frans Masereel vom 28. Dezember 1920 für den korrespondenztypischen Fall;"7a.3.1_Datenbasierte_Wissensproduktion.pptx; SZD-HTR als Lehrbeispiel.md; Skriptum VU 4.4 Forschungsinfrastruktur.md; VU4.4_Forschungsinfrastruktur_Tag3.pptx; Wissensdokument PF 4.4 Tag 1 Forschungsinfrastruktur.md"
1920-12-28;Tag;Ereignis;9;5;28. Dezember 1920;…tliche Dimension, der Brief von Friderike Zweig an Frans Masereel vom 28. Dezember 1920 für den korrespondenztypischen ;"7a.3.1_Datenbasierte_Wissensproduktion.pptx; SZD-HTR als Lehrbeispiel.md; Skriptum VU 4.4 Forschungsinfrastruktur.md; VU4.4_Forschungsinfrastruktur_Tag3.pptx; Wissensdokument PF 4.4 Tag 1 Forschungsinfrastruktur.md"
1923;Jahr;Ereignis;4;2;1923;"…wird, zweitens welcher Kontext dem Prompt mitgegeben wird (""Brief von 1923 auf Deutsch an …""). Stefan Zweigs Nachlass i";"7a.3.1_Datenbasierte_Wissensproduktion.pptx; VU4.4_Forschungsinfrastruktur_Tag3.pptx"
1924;Jahr;Ereignis;3;1;1924;"…,type,year,material,description o:km.8009,Gummiknüppel KM-O.17,Waffen,1924,""Leder, Gewebe"",""Type: Waffen | Type: Schlag";VU4.4_Forschungsinfrastruktur_Tag3.pptx
1926-09;Monat;Ereignis;1;1;Sept 1926;28. Sept 1926;VU4.4_Forschungsinfrastruktur_Tag3.pptx
1926-09-28;Tag;Ereignis;1;1;28. Sept 1926;28. Sept 1926;VU4.4_Forschungsinfrastruktur_Tag3.pptx
1927;Jahr;Ereignis;2;2;1927;…IF und correspSearch. Hugo Schuchardt Archiv (11.576 Briefe, 1859 bis 1927). Karte, Timeline, Sankey, Graph funktionier;"7a.3.1_Datenbasierte_Wissensproduktion.pptx; VU7a.4.1_Bibliotheksinformatik_Tag2.pptx"
1930;Jahr;Ereignis;6;2;1930;…r Stelle. Eine Postkarte Stefan Zweigs an Margot Alberts aus dem Jahr 1930 ist im Sender-Kontext klar codiert. Hundert ;"7a.3.1_Datenbasierte_Wissensproduktion.pptx; VU4.4_Forschungsinfrastruktur_Tag2.pptx"
1930-09;Monat;Ereignis;2;1;1930-09;<dc:title>Margot Alberts an Stefan Zweig, 1930-09-19, SZ-SAM/AK.1</dc:title>;VU4.4_Forschungsinfrastruktur_Tag2.pptx
1930-09-19;Tag;Ereignis;2;1;1930-09-19;<dc:title>Margot Alberts an Stefan Zweig, 1930-09-19, SZ-SAM/AK.1</dc:title>;VU4.4_Forschungsinfrastruktur_Tag2.pptx
1932;Jahr;Ereignis;2;1;1932;"…D-Kärtchen: Urheber Stefan Zweig, Titel ""Antwortformel"", Datierung um 1932, Sprache Deutsch.";Wissensdokument PF 4.4 Tag 1 Forschungsinfrastruktur.md
1932-04;Monat;Ereignis;4;1;1932-04;ÖNB-Z2-1234,Zweig Stefan,Rolland Romain,1932-04-15;Wissensdokument PF 4.4 Tag 1 Forschungsinfrastruktur.md
1932-04-15;Tag;Ereignis;4;1;1932-04-15;ÖNB-Z2-1234,Zweig Stefan,Rolland Romain,1932-04-15;Wissensdokument PF 4.4 Tag 1 Forschungsinfrastruktur.md
1934;Jahr;Ereignis;3;2;1934;…Record entstand, also die Exil-Korrespondenz Lotte Altmanns zwischen 1934 und 1942. rico:Mandate würde rechtliche oder ;"VU4.4_Forschungsinfrastruktur_Tag2.pptx; Wissensdokument PF 4.4 Tag 2 Forschungsinfrastruktur.md"
1934-02;Monat;Ereignis;2;1;Februar 1934;"…ttp://www.w3.org/1999/xlink""><title>Postkarte an Otto Weissel vom 17. Februar 1934, SZ-SAH/B3</title><author>Zweig, Ste";VU4.4_Forschungsinfrastruktur_Tag3.pptx
1934-02-17;Tag;Ereignis;6;1;17. Februar 1934 / 17.2.1934;"…k=""http://www.w3.org/1999/xlink""><title>Postkarte an Otto Weissel vom 17. Februar 1934, SZ-SAH/B3</title><author>Zweig,";VU4.4_Forschungsinfrastruktur_Tag3.pptx
1936;Jahr;Ereignis;4;3;1936;"…stem, mit XPath für Anfragen wie „alle Briefe an Empfänger X zwischen 1936 und 1942"" und XSLT für deklarative Transform";"VU4.4_Forschungsinfrastruktur_Tag1.pptx; VU7a.4.1_Bibliotheksinformatik_Tag2.pptx; Vortragsmanuskript VU 7a.4.1 Tag 3 KI in Bibliotheken.md"
1936-07;Monat;Ereignis;5;3;1936-07 / Juli 1936;"…isteswissenschaften"" Der Brief Lotte Altmanns an Anna Meingast vom 6. Juli 1936 aus Ostende, Signatur SZ-SAM/B10.1, lie";"VU4.4_Forschungsinfrastruktur_Tag1.pptx; VU4.4_Forschungsinfrastruktur_Tag2.pptx; Wissensdokument PF 4.4 Tag 2 Forschungsinfrastruktur.md"
1936-07-06;Tag;Ereignis;5;3;1936-07-06 / 6. Juli 1936;"…Geisteswissenschaften"" Der Brief Lotte Altmanns an Anna Meingast vom 6. Juli 1936 aus Ostende, Signatur SZ-SAM/B10.1, l";"VU4.4_Forschungsinfrastruktur_Tag1.pptx; VU4.4_Forschungsinfrastruktur_Tag2.pptx; Wissensdokument PF 4.4 Tag 2 Forschungsinfrastruktur.md"
1937;Jahr;Ereignis;1;1;1937;…gnificant impacts. Whistleblower protection under Directive (EU) 2019/1937 applies.;VU7a.4.1_Bibliotheksinformatik_Tag1.pptx
1939-03;Monat;Ereignis;1;1;1939-03;- Date: 1939-03-15;Skriptum VU 4.4 Forschungsinfrastruktur.md
1939-03-15;Tag;Ereignis;1;1;1939-03-15;- Date: 1939-03-15;Skriptum VU 4.4 Forschungsinfrastruktur.md
1941;Jahr;Ereignis;1;1;1941;…rakte Idee der Erzählung, die Stefan Zweig im brasilianischen Exil ab 1941 verfasste. Das Work ist nicht an eine bestim;VU4.4_Forschungsinfrastruktur_Tag2.pptx
1941-11;Monat;Ereignis;2;2;1941-11 / November 1941;…Zweig, das Notizbuch Clarissa von Stefan Zweig ist datiert auf den 1. November 1941, mit Signatur SZ-AAP/W1, im Literat;"Skriptum VU 4.4 Forschungsinfrastruktur.md; VU4.4_Forschungsinfrastruktur_Tag1.pptx"
1941-11-01;Tag;Ereignis;2;2;1. November 1941 / 1941-11-01;…an Zweig, das Notizbuch Clarissa von Stefan Zweig ist datiert auf den 1. November 1941, mit Signatur SZ-AAP/W1, im Lite;"Skriptum VU 4.4 Forschungsinfrastruktur.md; VU4.4_Forschungsinfrastruktur_Tag1.pptx"
1942;Jahr;Ereignis;6;3;1942;…ntstand, also die Exil-Korrespondenz Lotte Altmanns zwischen 1934 und 1942. rico:Mandate würde rechtliche oder normativ;"VU4.4_Forschungsinfrastruktur_Tag1.pptx; VU4.4_Forschungsinfrastruktur_Tag2.pptx; Wissensdokument PF 4.4 Tag 2 Forschungsinfrastruktur.md"
1945;Jahr;Ereignis;1;1;1945;# Gib mir alle literarischen Werke, deren Handlung in Österreich spielt – vor oder nach 1945.;7a.3.1_Datenbasierte_Wissensproduktion.pptx
1945-01;Monat;Ereignis;1;1;1945-01;"FILTER (?date < ""1945-01-01T00:00:00Z""^^xsd:dateTime) .";7a.3.1_Datenbasierte_Wissensproduktion.pptx
1948;Jahr;Ereignis;19;6;1948;…einen Arbeiten zur Vorhersage und zur Filterung verrauschter Signale. 1948 prägte er den Begriff in *Cybernetics: Or Co;"Folienplan VU 7a.4.1 KI in Bibliotheken.md; Skriptum VU 7a.4.1 KI in Bibliotheken.md; VU Künstliche Intelligenz in Bibliotheken.md; VU7a.4.1_Bibliotheksinformatik_Tag2.pptx; Vortragsmanuskript VU 7a.4.1 Tag 3 KI in Bibliotheken.md; Vortragsskriptum_KI_in_Bibliotheken.docx"
1950;Jahr;Zitations-/Literaturjahr;17;6;1950;…verkürzt von der Turingmaschine spreche, ist zu erinnern, dass Turing 1950 von Digitalrechnern und universal machines s;"Folienplan VU 7a.4.1 KI in Bibliotheken.md; Skriptum VU 7a.4.1 KI in Bibliotheken.md; VU Künstliche Intelligenz in Bibliotheken.md; VU7a.4.1_Bibliotheksinformatik_Tag2.pptx; Vortragsmanuskript VU 7a.4.1 Tag 3 KI in Bibliotheken.md; Vortragsskriptum_KI_in_Bibliotheken.docx"
1956;Jahr;Ereignis;6;6;1956;Vokabular klar machen, ohne in Hype zu fallen. KI ist seit 1956 ein Forschungsfeld, was als revolutionär erscheint, sind;"Folienplan VU 7a.4.1 KI in Bibliotheken.md; Skriptum VU 7a.4.1 KI in Bibliotheken.md; VU7a.4.1_Bibliotheksinformatik_Tag2.pptx; Vortragsmanuskript VU 7a.4.1 Tag 3 KI in Bibliotheken.md; Vortragsskriptum_KI_in_Bibliotheken.docx; Wissensdokument PF 4.4 Tag 3 Forschungsinfrastruktur.md"
1960s;Jahrzehnt;Ereignis;1;1;1960er Jahre;…eichnet. Seine Kernthese ist, dass die antiautoritäre Gegenkultur der 1960er Jahre über das kybernetische Denken zum un;Vortragsskriptum_KI_in_Bibliotheken.docx
1961;Jahr;Ereignis;13;6;1961;…d. Er griff Goethes Ballade in der erweiterten Kybernetik-Ausgabe von 1961 auf, um vor der lernenden Maschine zu warnen;"Folienplan VU 7a.4.1 KI in Bibliotheken.md; Skriptum VU 7a.4.1 KI in Bibliotheken.md; VU Künstliche Intelligenz in Bibliotheken.md; VU7a.4.1_Bibliotheksinformatik_Tag2.pptx; Vortragsmanuskript VU 7a.4.1 Tag 3 KI in Bibliotheken.md; Vortragsskriptum_KI_in_Bibliotheken.docx"
1963;Jahr;Ereignis;2;2;1963;[NOTIZEN] ASCII, 1963, kodiert 128 Zeichen in 7 Bit. Die Codepunkte 0 bis 31 sind Steuerzei…;"Skriptum VU 4.4 Forschungsinfrastruktur.md; VU4.4_Forschungsinfrastruktur_Tag1.pptx"
1964;Jahr;Ereignis;7;6;1964;Norbert Wiener, US-amerikanischer Mathematiker und Philosoph, 1894 bis 1964, ist der Begründer der Kybernetik.;"Folienplan VU 7a.4.1 KI in Bibliotheken.md; Skriptum VU 7a.4.1 KI in Bibliotheken.md; VU4.4_Forschungsinfrastruktur_Tag2.pptx; VU7a.4.1_Bibliotheksinformatik_Tag2.pptx; Vortragsmanuskript VU 7a.4.1 Tag 3 KI in Bibliotheken.md; Vortragsskriptum_KI_in_Bibliotheken.docx"
1966;Jahr;Zitations-/Literaturjahr;1;1;1966;- Langefors, B. (1966). *Theoretical Analysis of Information Systems*. Studentlitteratur.;VU Künstliche Intelligenz in Bibliotheken.md
1968;Jahr;Ereignis;1;1;1968;…Werk, die deutsche Originalfassung als Expression, die Reclam-Ausgabe 1968 als Manifestation, das konkrete Exemplar im ;Wissensdokument PF 4.4 Tag 2 Forschungsinfrastruktur.md
1970s;Jahrzehnt;Ereignis;4;4;1970er / 1970er Jahren;…ermann, der Thermostat, die Flugabwehr. Heinz von Foerster hat in den 1970er Jahren die zweite Ordnung formuliert, in d;"Folienplan VU 7a.4.1 KI in Bibliotheken.md; Skriptum VU 7a.4.1 KI in Bibliotheken.md; Vortragsmanuskript VU 7a.4.1 Tag 3 KI in Bibliotheken.md; Vortragsskriptum_KI_in_Bibliotheken.docx"
1973;Jahr;Zitations-/Literaturjahr;5;2;1973;### Folie 2.1 · Modell nach Stachowiak (1973);"Skriptum VU 4.4 Forschungsinfrastruktur.md; VU4.4_Forschungsinfrastruktur_Tag1.pptx"
1980s;Jahrzehnt;Ereignis;3;3;1980er;…4. **Neukonzeption.** Anknüpfend an die historischen Mikrostudien der 1980er/90er Jahre am Max-Planck-Institut für Gesc;"7a.3.1_Datenbasierte_Wissensproduktion.pptx; Folienplan VU 7a.4.1 KI in Bibliotheken.md; Skriptum VU 7a.4.1 KI in Bibliotheken.md"
1980;Jahr;Zitations-/Literaturjahr;13;5;1980;….csulb.edu/~cwallis/382/readings/482/searle.minds.brains.programs.bbs.1980.pdf;"Folienplan VU 7a.4.1 KI in Bibliotheken.md; Skriptum VU 7a.4.1 KI in Bibliotheken.md; VU Künstliche Intelligenz in Bibliotheken.md; VU7a.4.1_Bibliotheksinformatik_Tag2.pptx; Vortragsmanuskript VU 7a.4.1 Tag 3 KI in Bibliotheken.md"
1987;Jahr;Zitations-/Literaturjahr;2;2;1987;- Latin-1 (ISO 8859-1, 1987): 8 Bit, 256 Zeichen, unterer Bereich bitidentisch mit ASCII, westeuropäische Zeichen oben;"Skriptum VU 4.4 Forschungsinfrastruktur.md; VU4.4_Forschungsinfrastruktur_Tag1.pptx"
1990;Jahr;Ereignis;1;1;1990;<the 4th of July 1990>.;7a.3.1_Datenbasierte_Wissensproduktion.pptx
1990s;Jahrzehnt;Ereignis;1;1;1990er Jahre;…das einst emanzipatorische Versprechen vernetzter Technik bis in die 1990er Jahre in ein libertäres Marktethos kippte. ;Vortragsskriptum_KI_in_Bibliotheken.docx
1990-07;Monat;Ereignis;1;1;1990-07;"schema:birthDate ""1990-07-04""^^xsd:date ;";7a.3.1_Datenbasierte_Wissensproduktion.pptx
1990-07-04;Tag;Ereignis;1;1;1990-07-04;"schema:birthDate ""1990-07-04""^^xsd:date ;";7a.3.1_Datenbasierte_Wissensproduktion.pptx
1991;Jahr;Ereignis;2;2;1991;…*Analytisches Kontinuum* — Thallers Position (mit Verweis auf Thaller 1991 und 2000), dass die Analyse historischer Dat;"7a.3.1_Datenbasierte_Wissensproduktion.pptx; Skriptum VU 4.4 Forschungsinfrastruktur.md"
1992;Jahr;Ereignis;2;2;1992;- 1992 von Ken Thompson und Rob Pike auf einer Serviette entworfen, heute über 98 Prozent aller Webseiten;"Skriptum VU 4.4 Forschungsinfrastruktur.md; VU4.4_Forschungsinfrastruktur_Tag1.pptx"
1994;Jahr;Ereignis;5;3;1994;…ie General International Standard Archival Description, ISAD(G), seit 1994. ISAD(G) hat eine Schwäche. Sie zwingt eine ;"ULG Data Librarian SS 2026 Plan.md; VU4.4_Forschungsinfrastruktur_Tag2.pptx; Wissensdokument PF 4.4 Tag 2 Forschungsinfrastruktur.md"
1995;Jahr;Zitations-/Literaturjahr;23;7;1995;…* Wieners Regelkreis 1948 liefert das Schema. Wooldridge und Jennings 1995 geben es die schwache Agentendefinition. Ber;"Folienplan VU 7a.4.1 KI in Bibliotheken.md; Skriptum VU 7a.4.1 KI in Bibliotheken.md; VU Künstliche Intelligenz in Bibliotheken.md; VU7a.4.1_Bibliotheksinformatik_Tag2.pptx; Vortragsmanuskript VU 7a.4.1 Tag 3 KI in Bibliotheken.md; Vortragsskriptum_KI_in_Bibliotheken.docx; Wissensdokument PF 4.4 Tag 1 Forschungsinfrastruktur.md"
1996;Jahr;Ereignis;1;1;1996;…ird ans CIDOC-CRM angedockt, das zentrale Kulturerbe-Modell, das seit 1996 entwickelt wird und das im Museumssektor bre;VU4.4_Forschungsinfrastruktur_Tag2.pptx
1997;Jahr;Zitations-/Literaturjahr;7;5;1997;…lichkeit für Spam ab. Was Lernen technisch heisst, fasst Tom Mitchell 1997. Ein Programm lernt aus Erfahrung in Bezug a;"Folienplan VU 7a.4.1 KI in Bibliotheken.md; Skriptum VU 7a.4.1 KI in Bibliotheken.md; VU Künstliche Intelligenz in Bibliotheken.md; VU7a.4.1_Bibliotheksinformatik_Tag2.pptx; Vortragsmanuskript VU 7a.4.1 Tag 3 KI in Bibliotheken.md"
1998;Jahr;Ereignis;26;10;1998;…ben dieses Feld seit den achtziger Jahren begründet, ihr Lehrbuch von 1998 ist der Standard. Bitter Lesson: über siebzi;"Folienplan VU 7a.4.1 KI in Bibliotheken.md; Skriptum VU 4.4 Forschungsinfrastruktur.md; Skriptum VU 7a.4.1 KI in Bibliotheken.md; ULG Data Librarian SS 2026 Plan.md; VU4.4_Forschungsinfrastruktur_Tag1.pptx; VU4.4_Forschungsinfrastruktur_Tag2.pptx; VU7a.4.1_Bibliotheksinformatik_Tag2.pptx; Vortragsmanuskript VU 7a.4.1 Tag 3 KI in Bibliotheken.md; Vortragsskriptum_KI_in_Bibliotheken.docx; Wissensdokument PF 4.4 Tag 2 Forschungsinfrastruktur.md"
1999;Jahr;Zitations-/Literaturjahr;8;3;1999;- **CrossRef** Grösste DOI Registration Agency für wissenschaftliche Publikationen (seit 1999), mit Crossmark, Similarit;"7a.3.1_Datenbasierte_Wissensproduktion.pptx; ULG Data Librarian SS 2026 Plan.md; VU4.4_Forschungsinfrastruktur_Tag3.pptx"
2000;Jahr;Ereignis;14;7;2000;…ches Kontinuum* — Thallers Position (mit Verweis auf Thaller 1991 und 2000), dass die Analyse historischer Daten als st;"7a.3.1_Datenbasierte_Wissensproduktion.pptx; Skriptum VU 4.4 Forschungsinfrastruktur.md; ULG Data Librarian SS 2026 Plan.md; VU4.4_Forschungsinfrastruktur_Tag2.pptx; VU4.4_Forschungsinfrastruktur_Tag3.pptx; Wissensdokument PF 4.4 Tag 1 Forschungsinfrastruktur.md; Wissensdokument PF 4.4 Tag 3 Forschungsinfrastruktur.md"
2001;Jahr;Zitations-/Literaturjahr;34;12;2001;Favre-Bulle, Bernard. Information Und Zusammenhang: Informationsfluß in Prozessen Der Wahrnehmung, Des Denkens Und Der K;"2026-05-22 Data Librarian Datenmodellierung und Generative KI.md; 7a.3.1_Datenbasierte_Wissensproduktion.pptx; Folienplan VU 7a.4.1 KI in Bibliotheken.md; Skriptum VU 4.4 Forschungsinfrastruktur.md; Skriptum VU 7a.4.1 KI in Bibliotheken.md; VU Künstliche Intelligenz in Bibliotheken.md; VU4.4_Forschungsinfrastruktur_Tag1.pptx; VU4.4_Forschungsinfrastruktur_Tag2.pptx; VU7a.4.1_Bibliotheksinformatik_Tag2.pptx; Vortragsmanuskript VU 7a.4.1 Tag 3 KI in Bibliotheken.md; Vortragsskriptum_KI_in_Bibliotheken.docx; Wissensdokument PF 4.4 Tag 2 Forschungsinfrastruktur.md"
2002;Jahr;Zitations-/Literaturjahr;4;2;2002;- **nestor** Kompetenznetzwerk Langzeitarchivierung Deutschland (seit 2002), Träger des nestor-Siegels und Herausgeber d;"7a.3.1_Datenbasierte_Wissensproduktion.pptx; ULG Data Librarian SS 2026 Plan.md"
2003;Jahr;Ereignis;1;1;2003;…teswissenschaftliches Asset Management System, Universität Graz, seit 2003) ist OAIS-konform und CoreTrustSeal-zertifiz;Wissensdokument PF 4.4 Tag 2 Forschungsinfrastruktur.md
2004;Jahr;Zitations-/Literaturjahr;6;4;2004;…er Universität Graz, OAIS-konform, Core-Trust-Seal-zertifiziert, seit 2004 im Betrieb. Mitarbeiterinnen und Mitarbeiter;"ULG Data Librarian SS 2026 Plan.md; VU4.4_Forschungsinfrastruktur_Tag2.pptx; Wissensdokument PF 4.4 Tag 1 Forschungsinfrastruktur.md; Wissensdokument PF 4.4 Tag 2 Forschungsinfrastruktur.md"
2005;Jahr;Zitations-/Literaturjahr;6;2;2005;- **IRI** Internationalized Resource Identifier nach RFC 3987 (2005), URI-Erweiterung auf Unicode-Zeichen für nicht-late;"ULG Data Librarian SS 2026 Plan.md; Wissensdokument PF 4.4 Tag 2 Forschungsinfrastruktur.md"
2006;Jahr;Zitations-/Literaturjahr;11;7;2006;**Section A (New Legislative Framework).** Machinery Directive 2006/42/EC, Toy Safety Directive 2009/48/EC, recreational;"2026-05-22 Data Librarian Datenmodellierung und Generative KI.md; 7a.3.1_Datenbasierte_Wissensproduktion.pptx; ULG Data Librarian SS 2026 Plan.md; VU7a.4.1_Bibliotheksinformatik_Tag1.pptx; Vortragsskriptum_KI_in_Bibliotheken.docx; Wissensdokument PF 4.4 Tag 1 Forschungsinfrastruktur.md; Wissensdokument PF 4.4 Tag 2 Forschungsinfrastruktur.md"
2007;Jahr;Zitations-/Literaturjahr;11;5;2007;- Die erweiterte DIKW-Hierarchie nach Rowley 2007 und Favre-Bulle 2001 mit den fünf Ebenen (Signal, Daten, Information, ;"Skriptum VU 4.4 Forschungsinfrastruktur.md; Skriptum VU 7a.4.1 KI in Bibliotheken.md; ULG Data Librarian SS 2026 Plan.md; VU Künstliche Intelligenz in Bibliotheken.md; VU4.4_Forschungsinfrastruktur_Tag1.pptx"
2008;Jahr;Ereignis;7;4;2008;…Other harmonisation legislation).** Aviation security (Regulation 300/2008), two/three-wheel vehicles, agricultural veh;"ULG Data Librarian SS 2026 Plan.md; VU7a.4.1_Bibliotheksinformatik_Tag1.pptx; Wissensdokument PF 4.4 Tag 1 Forschungsinfrastruktur.md; Wissensdokument PF 4.4 Tag 2 Forschungsinfrastruktur.md"
2009;Jahr;Ereignis;9;6;2009;…er Opernsängerinnen — am Fall der Mezzosopranistin Ira Malaniuk (1919–2009) — Professionalisierung, Wissenstransfer und;"2026-05-22 Data Librarian Datenmodellierung und Generative KI.md; 7a.3.1_Datenbasierte_Wissensproduktion.pptx; ULG Data Librarian SS 2026 Plan.md; VU4.4_Forschungsinfrastruktur_Tag1.pptx; VU4.4_Forschungsinfrastruktur_Tag2.pptx; VU7a.4.1_Bibliotheksinformatik_Tag1.pptx"
2010;Jahr;Ereignis;6;3;2010;…t and Certification** Drei-Stufen-Modell (Memorandum of Understanding 2010): Core (CoreTrustSeal), Extended (Self-Audit;"ULG Data Librarian SS 2026 Plan.md; VU4.4_Forschungsinfrastruktur_Tag2.pptx; Wissensdokument PF 4.4 Tag 2 Forschungsinfrastruktur.md"
2010s;Jahrzehnt;Ereignis;2;2;2010er / 2010er Jahren;…e Weisen abbildbar ist. Im allgemeinen Web-Ökosystem wurde XML in den 2010er Jahren von JSON verdrängt. In den Digital ;"VU4.4_Forschungsinfrastruktur_Tag1.pptx; Wissensdokument PF 4.4 Tag 2 Forschungsinfrastruktur.md"
2011;Jahr;Zitations-/Literaturjahr;6;6;2011;- Drucker 2011: capta (das Genommene) statt data (das Gegebene), terminologische Konsequenz;"Skriptum VU 4.4 Forschungsinfrastruktur.md; ULG Data Librarian SS 2026 Plan.md; VU Künstliche Intelligenz in Bibliotheken.md; VU4.4_Forschungsinfrastruktur_Tag1.pptx; VU7a.4.1_Bibliotheksinformatik_Tag2.pptx; Wissensdokument PF 4.4 Tag 1 Forschungsinfrastruktur.md"
2012;Jahr;Ereignis;24;9;2012;…melt zehn Schlüsselpapiere der Deep-Learning- und Scaling-Debatte von 2012 bis 2023. Sie markieren den Bogen von AlexNe;"Folienplan VU 7a.4.1 KI in Bibliotheken.md; Skriptum VU 4.4 Forschungsinfrastruktur.md; Skriptum VU 7a.4.1 KI in Bibliotheken.md; ULG Data Librarian SS 2026 Plan.md; VU Künstliche Intelligenz in Bibliotheken.md; VU4.4_Forschungsinfrastruktur_Tag2.pptx; Wissensdokument PF 4.4 Tag 1 Forschungsinfrastruktur.md; Wissensdokument PF 4.4 Tag 2 Forschungsinfrastruktur.md; Wissensdokument PF 4.4 Tag 3 Forschungsinfrastruktur.md"
2013;Jahr;Ereignis;13;6;2013;…egsfolie mit Link-Rot-Statistik aus Pew Research 2024 (38 Prozent der 2013-Webseiten 2023 weg) als plakatives Motiv für;"Skriptum VU 4.4 Forschungsinfrastruktur.md; ULG Data Librarian SS 2026 Plan.md; VU4.4_Forschungsinfrastruktur_Tag1.pptx; VU4.4_Forschungsinfrastruktur_Tag2.pptx; Wissensdokument PF 4.4 Tag 1 Forschungsinfrastruktur.md; Wissensdokument PF 4.4 Tag 2 Forschungsinfrastruktur.md"
2014;Jahr;Zitations-/Literaturjahr;19;9;2014;- Burnard, Lou (2014): *What is the Text Encoding Initiative? How to add intelligent markup to digital resources.* http:;"2026-05-22 Data Librarian Datenmodellierung und Generative KI.md; 7a.3.1_Datenbasierte_Wissensproduktion.pptx; Skriptum VU 4.4 Forschungsinfrastruktur.md; ULG Data Librarian SS 2026 Plan.md; VU4.4_Forschungsinfrastruktur_Tag1.pptx; VU4.4_Forschungsinfrastruktur_Tag2.pptx; VU4.4_Forschungsinfrastruktur_Tag3.pptx; Wissensdokument PF 4.4 Tag 1 Forschungsinfrastruktur.md; Wissensdokument PF 4.4 Tag 2 Forschungsinfrastruktur.md"
2015;Jahr;Ereignis;6;3;2015;…REservation Metadata Implementation Strategies, Data Dictionary v3.0 (2015) der Library of Congress mit vier Entitäten ;"ULG Data Librarian SS 2026 Plan.md; VU4.4_Forschungsinfrastruktur_Tag2.pptx; Wissensdokument PF 4.4 Tag 2 Forschungsinfrastruktur.md"
2016;Jahr;Zitations-/Literaturjahr;26;10;2016;…*AI Magazine*. https://doi.org/10.1002/aaai.70054 | Wilkinson et al. (2016). FAIR Principles. *Scientific Data* 3, 1600;"Folienplan VU 7a.4.1 KI in Bibliotheken.md; Skriptum VU 4.4 Forschungsinfrastruktur.md; Skriptum VU 7a.4.1 KI in Bibliotheken.md; ULG Data Librarian SS 2026 Plan.md; VU4.4_Forschungsinfrastruktur_Tag3.pptx; VU7a.4.1_Bibliotheksinformatik_Tag2.pptx; Vortragsmanuskript VU 7a.4.1 Tag 3 KI in Bibliotheken.md; Vortragsskriptum_KI_in_Bibliotheken.docx; Wissensdokument PF 4.4 Tag 1 Forschungsinfrastruktur.md; Wissensdokument PF 4.4 Tag 2 Forschungsinfrastruktur.md"
2017;Jahr;Zitations-/Literaturjahr;22;13;2017;…en nach dem *European Interoperability Framework* (EIF, EU-Kommission 2017, Interoperable Europe Act 2024). Die Ebenen ;"2026-05-22 Data Librarian Datenmodellierung und Generative KI.md; 7a.3.1_Datenbasierte_Wissensproduktion.pptx; Folienplan VU 7a.4.1 KI in Bibliotheken.md; Skriptum VU 7a.4.1 KI in Bibliotheken.md; ULG Data Librarian SS 2026 Plan.md; VU Künstliche Intelligenz in Bibliotheken.md; VU4.4_Forschungsinfrastruktur_Tag1.pptx; VU4.4_Forschungsinfrastruktur_Tag2.pptx; VU7a.4.1_Bibliotheksinformatik_Tag1.pptx; VU7a.4.1_Bibliotheksinformatik_Tag2.pptx; Wissensdokument PF 4.4 Tag 1 Forschungsinfrastruktur.md; Wissensdokument PF 4.4 Tag 2 Forschungsinfrastruktur.md; Wissensdokument PF 4.4 Tag 3 Forschungsinfrastruktur.md"
2017-05;Monat;Ereignis;1;1;Mai 2017;…ion to the Principles of Linked Open Data“. Programming Historian, 7. Mai 2017. https://programminghistorian.org/en/les;7a.3.1_Datenbasierte_Wissensproduktion.pptx
2017-05-07;Tag;Ereignis;1;1;7. Mai 2017;…uction to the Principles of Linked Open Data“. Programming Historian, 7. Mai 2017. https://programminghistorian.org/en/;7a.3.1_Datenbasierte_Wissensproduktion.pptx
2018;Jahr;Ereignis;7;5;2018;…rch Ausrichtung am IFLA Library Reference Model (Riva, Le Bœuf, Žumer 2018). Behält die vier Ebenen Work–Expression–Man;"Skriptum VU 7a.4.1 KI in Bibliotheken.md; VU4.4_Forschungsinfrastruktur_Tag2.pptx; VU7a.4.1_Bibliotheksinformatik_Tag1.pptx; VU7a.4.1_Bibliotheksinformatik_Tag2.pptx; Wissensdokument PF 4.4 Tag 3 Forschungsinfrastruktur.md"
2019;Jahr;Zitations-/Literaturjahr;33;8;2019;…agen die Trennung auf Sprachmodelle als *stochastic parrot*, Chollet (2019, ARC-AGI) macht die Frage messbar und sieht ;"Folienplan VU 7a.4.1 KI in Bibliotheken.md; Skriptum VU 7a.4.1 KI in Bibliotheken.md; ULG Data Librarian SS 2026 Plan.md; VU7a.4.1_Bibliotheksinformatik_Tag1.pptx; VU7a.4.1_Bibliotheksinformatik_Tag2.pptx; Vortragsmanuskript VU 7a.4.1 Tag 3 KI in Bibliotheken.md; Vortragsskriptum_KI_in_Bibliotheken.docx; Wissensdokument PF 4.4 Tag 2 Forschungsinfrastruktur.md"
2019-11;Monat;Ereignis;2;2;November 2019;Chollet, François. „On the Measure of Intelligence“. arXiv:1911.01547. Preprint, arXiv, 25. November 2019. https://doi.o;"7a.3.1_Datenbasierte_Wissensproduktion.pptx; VU7a.4.1_Bibliotheksinformatik_Tag2.pptx"
2019-11-25;Tag;Ereignis;2;2;25. November 2019;Chollet, François. „On the Measure of Intelligence“. arXiv:1911.01547. Preprint, arXiv, 25. November 2019. https://doi.o;"7a.3.1_Datenbasierte_Wissensproduktion.pptx; VU7a.4.1_Bibliotheksinformatik_Tag2.pptx"
2020;Jahr;Zitations-/Literaturjahr;31;10;2020;…ion Planning, Community Watch and Participation). Update-Diskurs seit 2020 (Rhee 2024 mit d-KISTI-Modell, Kritik an Pre;"2026-05-22 Data Librarian Datenmodellierung und Generative KI.md; Folienplan VU 7a.4.1 KI in Bibliotheken.md; Skriptum VU 4.4 Forschungsinfrastruktur.md; Skriptum VU 7a.4.1 KI in Bibliotheken.md; ULG Data Librarian SS 2026 Plan.md; VU4.4_Forschungsinfrastruktur_Tag2.pptx; VU7a.4.1_Bibliotheksinformatik_Tag2.pptx; Vortragsmanuskript VU 7a.4.1 Tag 3 KI in Bibliotheken.md; Wissensdokument PF 4.4 Tag 1 Forschungsinfrastruktur.md; Wissensdokument PF 4.4 Tag 2 Forschungsinfrastruktur.md"
2020-01;Monat;Ereignis;1;1;Januar 2020;…on and Data Integration Language for the Web“. Symmetry 12, Nr. 1 (2. Januar 2020): 84. https://doi.org/10.3390/sym1201;7a.3.1_Datenbasierte_Wissensproduktion.pptx
2020-01-02;Tag;Ereignis;1;1;2. Januar 2020;…ation and Data Integration Language for the Web“. Symmetry 12, Nr. 1 (2. Januar 2020): 84. https://doi.org/10.3390/sym1;7a.3.1_Datenbasierte_Wissensproduktion.pptx
2020-09;Monat;Ereignis;1;1;September 2020;…0 scientific journals have disappeared from the Internet. Nature, 10. September 2020. https://doi.org/10.1038/d41586-02;ULG Data Librarian SS 2026 Plan.md
2020-09-10;Tag;Ereignis;1;1;10. September 2020;…n 100 scientific journals have disappeared from the Internet. Nature, 10. September 2020. https://doi.org/10.1038/d4158;ULG Data Librarian SS 2026 Plan.md
2021;Jahr;Zitations-/Literaturjahr;47;12;2021;…ntax, keine Semantik. Bender und Kolleginnen geben dieser alten Frage 2021 eine Gestalt für die Sprachmodelle, das Bild;"2026-05-22 Data Librarian Datenmodellierung und Generative KI.md; 7a.3.1_Datenbasierte_Wissensproduktion.pptx; Folienplan VU 7a.4.1 KI in Bibliotheken.md; Skriptum VU 7a.4.1 KI in Bibliotheken.md; ULG Data Librarian SS 2026 Plan.md; VU Künstliche Intelligenz in Bibliotheken.md; VU7a.4.1_Bibliotheksinformatik_Tag2.pptx; VU7a.4.1_Bibliotheksinformatik_Tag3.pptx; Vortragsmanuskript VU 7a.4.1 Tag 3 KI in Bibliotheken.md; Vortragsskriptum_KI_in_Bibliotheken.docx; Wissensdokument PF 4.4 Tag 1 Forschungsinfrastruktur.md; Wissensdokument PF 4.4 Tag 2 Forschungsinfrastruktur.md"
2021-03-23;Tag;Ereignis;1;1;23.03.2021;…he_Publications_of_Tim_Berners-Lee_and_the_World_Wide_Web_Consortium, 23.03.2021.;7a.3.1_Datenbasierte_Wissensproduktion.pptx
2022;Jahr;Zitations-/Literaturjahr;18;8;2022;…t 2012 über Transformer 2017 bis zur Debatte um emergente Fähigkeiten 2022-2023. Folie als Quellenreferenz, schlägt die;"Folienplan VU 7a.4.1 KI in Bibliotheken.md; Skriptum VU 7a.4.1 KI in Bibliotheken.md; ULG Data Librarian SS 2026 Plan.md; VU4.4_Forschungsinfrastruktur_Tag1.pptx; VU4.4_Forschungsinfrastruktur_Tag3.pptx; VU7a.4.1_Bibliotheksinformatik_Tag2.pptx; VU7a.4.1_Bibliotheksinformatik_Tag3.pptx; Vortragsskriptum_KI_in_Bibliotheken.docx"
2022-03;Monat;Ereignis;1;1;2022-03;…ons BY 4.0, Erstellerin der Erschließung Mustermann, Erstellungsdatum 2022-03-01.;Wissensdokument PF 4.4 Tag 1 Forschungsinfrastruktur.md
2022-03-01;Tag;Ereignis;1;1;2022-03-01;…ons BY 4.0, Erstellerin der Erschließung Mustermann, Erstellungsdatum 2022-03-01.;Wissensdokument PF 4.4 Tag 1 Forschungsinfrastruktur.md
2023;Jahr;Zitations-/Literaturjahr;42;16;2023;…sche Halbwertszeit von Prompting-Befunden.** EmotionPrompt (Li et al. 2023) und Role Prompting funktionieren bei modern;"2026-05-22 Data Librarian Datenmodellierung und Generative KI.md; 7a.3.1_Datenbasierte_Wissensproduktion.pptx; Folienplan VU 7a.4.1 KI in Bibliotheken.md; Skriptum VU 7a.4.1 KI in Bibliotheken.md; ULG Data Librarian SS 2026 Plan.md; VU Künstliche Intelligenz in Bibliotheken.md; VU4.4_Forschungsinfrastruktur_Tag1.pptx; VU4.4_Forschungsinfrastruktur_Tag2.pptx; VU7a.4.1_Bibliotheksinformatik_Tag1.pptx; VU7a.4.1_Bibliotheksinformatik_Tag2.pptx; VU7a.4.1_Bibliotheksinformatik_Tag3.pptx; Vortragsmanuskript VU 7a.4.1 Tag 3 KI in Bibliotheken.md; Vortragsskriptum_KI_in_Bibliotheken.docx; Wissensdokument PF 4.4 Tag 1 Forschungsinfrastruktur.md; Wissensdokument PF 4.4 Tag 2 Forschungsinfrastruktur.md; Wissensdokument PF 4.4 Tag 3 Forschungsinfrastruktur.md"
2023-03;Monat;Ereignis;1;1;März 2023;| Ausgangspunkt | GPT-4 (März 2023), erste Experimente mit TEI-XML/RDF aus historischen Quellen, Prototy…;7a.3.1_Datenbasierte_Wissensproduktion.pptx
2023-05;Monat;Ereignis;1;1;Mai 2023;…oyager: An Open-Ended Embodied Agent with Large Language Models“, 25. Mai 2023. https://arxiv.org/abs/2305.16291v2.;VU7a.4.1_Bibliotheksinformatik_Tag2.pptx
2023-05-25;Tag;Ereignis;2;2;25. Mai 2023 / 25.05.2023;…gitale Geisteswissenschaften / Working Papers, 2). Wolfenbüttel 2023. 25.05.2023. Version 2.0 vom 14.03.2024. HTML / XM;"VU4.4_Forschungsinfrastruktur_Tag1.pptx; VU7a.4.1_Bibliotheksinformatik_Tag2.pptx"
2023-11;Monat;Ereignis;2;2;November 2023;…kelt. Vier Teile: RiC-FAD (Grundlagen), RiC-CM 1.0 (Conceptual Model, November 2023), RiC-O 1.1 (OWL-Ontologie, Mai 202;"VU4.4_Forschungsinfrastruktur_Tag2.pptx; Wissensdokument PF 4.4 Tag 2 Forschungsinfrastruktur.md"
2024;Jahr;Ereignis;90;17;2024;"…Modellen nicht mehr robust (Replikation TMLR 2025, p=0.74; Hu/Collier 2024). RLHF, Constitutional AI und Instruction Tu";"2026-05-22 Data Librarian Datenmodellierung und Generative KI.md; 7a.3.1_Datenbasierte_Wissensproduktion.pptx; Folienplan VU 7a.4.1 KI in Bibliotheken.md; Skriptum VU 4.4 Forschungsinfrastruktur.md; Skriptum VU 7a.4.1 KI in Bibliotheken.md; ULG Data Librarian SS 2026 Plan.md; VU Künstliche Intelligenz in Bibliotheken.md; VU4.4_Forschungsinfrastruktur_Tag2.pptx; VU4.4_Forschungsinfrastruktur_Tag3.pptx; VU7a.4.1_Bibliotheksinformatik_Tag1.pptx; VU7a.4.1_Bibliotheksinformatik_Tag2.pptx; VU7a.4.1_Bibliotheksinformatik_Tag3.pptx; Vortragsmanuskript VU 7a.4.1 Tag 3 KI in Bibliotheken.md; Vortragsskriptum_KI_in_Bibliotheken.docx; Wissensdokument PF 4.4 Tag 1 Forschungsinfrastruktur.md; Wissensdokument PF 4.4 Tag 2 Forschungsinfrastruktur.md; Wissensdokument PF 4.4 Tag 3 Forschungsinfrastruktur.md"
2024 (±, Anker 2026-06-18);relativ;Ereignis;3;3;Vor zwei Jahren;…Nicht alles ist perfekt gelungen, aber der Prozess ist beeindruckend. Vor zwei Jahren wäre das in dieser Form völlig un;"VU7a.4.1_Bibliotheksinformatik_Tag2.pptx; Vortragsmanuskript VU 7a.4.1 Tag 3 KI in Bibliotheken.md; Vortragsskriptum_KI_in_Bibliotheken.docx"
2024-03-14;Tag;Ereignis;1;1;14.03.2024;…/ Working Papers, 2). Wolfenbüttel 2023. 25.05.2023. Version 2.0 vom 14.03.2024. HTML / XML / PDF. DOI: 10.17175/wp_202;VU4.4_Forschungsinfrastruktur_Tag1.pptx
2024-06;Monat;Ereignis;1;1;Juni 2024;- Verordnung (EU) 2024/1689 vom 13. Juni 2024 (EU AI Act).;ULG Data Librarian SS 2026 Plan.md
2024-06-13;Tag;Ereignis;1;1;13. Juni 2024;- Verordnung (EU) 2024/1689 vom 13. Juni 2024 (EU AI Act).;ULG Data Librarian SS 2026 Plan.md
2024-08;Monat;Ereignis;3;3;August 2024;Chalmers, David J. ‘Could a Large Language Model Be Conscious?’ arXiv:2303.07103. Preprint, arXiv, 18 August 2024. https;"VU7a.4.1_Bibliotheksinformatik_Tag1.pptx; VU7a.4.1_Bibliotheksinformatik_Tag2.pptx; Wissensdokument PF 4.4 Tag 3 Forschungsinfrastruktur.md"
2024-08-01;Tag;Ereignis;1;1;1. August 2024;Der EU AI Act (Verordnung (EU) 2024/1689) trat am 1. August 2024 in Kraft. Stufenweise Anwendung:;Wissensdokument PF 4.4 Tag 3 Forschungsinfrastruktur.md
2024-11;Monat;Ereignis;2;2;November 2024;"Malmqvist, Lars. „Sycophancy in Large Language Models: Causes and Mitigations"". Preprint, 22. November 2024. https://arx";"VU7a.4.1_Bibliotheksinformatik_Tag1.pptx; VU7a.4.1_Bibliotheksinformatik_Tag2.pptx"
2024-11-22;Tag;Ereignis;1;1;22. November 2024;"Malmqvist, Lars. „Sycophancy in Large Language Models: Causes and Mitigations"". Preprint, 22. November 2024. https://arx";VU7a.4.1_Bibliotheksinformatik_Tag1.pptx
2025;Jahr;Zitations-/Literaturjahr;130;16;2025;- **Datenmodellierung** Operationalisierung von Wissen über einen Gegenstandsbereich in eine formale, maschinell verarbe;"2026-05-18 Data Librarian Forschungsinfrastruktur.md; 2026-05-22 Data Librarian Datenmodellierung und Generative KI.md; 7a.3.1_Datenbasierte_Wissensproduktion.pptx; Folienplan VU 7a.4.1 KI in Bibliotheken.md; Skriptum VU 4.4 Forschungsinfrastruktur.md; Skriptum VU 7a.4.1 KI in Bibliotheken.md; ULG Data Librarian SS 2026 Plan.md; VU Künstliche Intelligenz in Bibliotheken.md; VU4.4_Forschungsinfrastruktur_Tag1.pptx; VU4.4_Forschungsinfrastruktur_Tag3.pptx; VU7a.4.1_Bibliotheksinformatik_Tag1.pptx; VU7a.4.1_Bibliotheksinformatik_Tag2.pptx; VU7a.4.1_Bibliotheksinformatik_Tag3.pptx; Vortragsmanuskript VU 7a.4.1 Tag 3 KI in Bibliotheken.md; Vortragsskriptum_KI_in_Bibliotheken.docx; Wissensdokument PF 4.4 Tag 2 Forschungsinfrastruktur.md"
2025-01;Monat;Ereignis;7;7;2025-01 / Januar 2025;"…Funktionseinheiten; aktuelle Version ISO 14721:2025 (CCSDS 650.0-M-3, Januar 2025), Vorgängerversion ISO 14721:2012 inh";"2026-05-18 Data Librarian Forschungsinfrastruktur.md; 2026-05-22 Data Librarian Datenmodellierung und Generative KI.md; 7a.3.1_Datenbasierte_Wissensproduktion.pptx; ULG Data Librarian SS 2026 Plan.md; VU7a.4.1_Bibliotheksinformatik_Tag1.pptx; VU7a.4.1_Bibliotheksinformatik_Tag2.pptx; VU7a.4.1_Bibliotheksinformatik_Tag3.pptx"
2025-01-04;Tag;Technik-Stempel;2;2;2025-01-04;created: 2025-01-04;"2026-05-18 Data Librarian Forschungsinfrastruktur.md; 2026-05-22 Data Librarian Datenmodellierung und Generative KI.md"
2025-01-31;Tag;Ereignis;1;1;31. Januar 2025;…housands of Hours of Red Teaming“. arXiv:2501.18837. Preprint, arXiv, 31. Januar 2025. https://doi.org/10.48550/arXiv.2;VU7a.4.1_Bibliotheksinformatik_Tag2.pptx
2025-02;Monat;Ereignis;6;4;Februar 2025;"…Z236] - Ethik und EU AI Act, vertieft (Article 4 in Anwendung seit 2. Februar 2025, Marktüberwachung ab 2. August 2026;";"Skriptum VU 4.4 Forschungsinfrastruktur.md; ULG Data Librarian SS 2026 Plan.md; Wissensdokument PF 4.4 Tag 2 Forschungsinfrastruktur.md; Wissensdokument PF 4.4 Tag 3 Forschungsinfrastruktur.md"
2025-02-02;Tag;Ereignis;5;3;2. Februar 2025;"- Ethik und EU AI Act, vertieft (Article 4 in Anwendung seit 2. Februar 2025, Marktüberwachung ab 2. August 2026; EU-Kom";"Skriptum VU 4.4 Forschungsinfrastruktur.md; ULG Data Librarian SS 2026 Plan.md; Wissensdokument PF 4.4 Tag 3 Forschungsinfrastruktur.md"
2025-03;Monat;Ereignis;6;5;März 2025;…ard, und sie erhielten dafür den Turing Award 2024, bekanntgegeben im März 2025. AlphaGo beruht darauf, ebenso das Rein;"Folienplan VU 7a.4.1 KI in Bibliotheken.md; Skriptum VU 7a.4.1 KI in Bibliotheken.md; VU7a.4.1_Bibliotheksinformatik_Tag2.pptx; Vortragsmanuskript VU 7a.4.1 Tag 3 KI in Bibliotheken.md; Vortragsskriptum_KI_in_Bibliotheken.docx"
2025-05;Monat;Ereignis;3;2;Mai 2025;…pert Group on Archival Description (EGAD). Aktueller Stand RiC-O 1.1 (Mai 2025), basierend auf RiC-CM 1.0 (November 202;"VU4.4_Forschungsinfrastruktur_Tag2.pptx; Wissensdokument PF 4.4 Tag 2 Forschungsinfrastruktur.md"
2025-06;Monat;Ereignis;1;1;Juni 2025;…HTR-Stand Mai 2026 als Domain-Trennung: Transkribus Text Titan I ter (Juni 2025, 10.8 % CER auf historischer Handschrif;ULG Data Librarian SS 2026 Plan.md
2025-07;Monat;Ereignis;1;1;Juli 2025;…ng for Large Language Models“. arXiv:2507.13334. Preprint, arXiv, 21. Juli 2025. https://doi.org/10.48550/arXiv.2507.13;VU7a.4.1_Bibliotheksinformatik_Tag1.pptx
2025-07-21;Tag;Ereignis;1;1;21. Juli 2025;…eering for Large Language Models“. arXiv:2507.13334. Preprint, arXiv, 21. Juli 2025. https://doi.org/10.48550/arXiv.250;VU7a.4.1_Bibliotheksinformatik_Tag1.pptx
2025-08;Monat;Ereignis;1;1;August 2025;| 2 August 2025 | GPAI model obligations (Chapter V), governance structure (Chapter V…;VU7a.4.1_Bibliotheksinformatik_Tag1.pptx
2025-09;Monat;Ereignis;12;7;September 2025;…ry provides the academic foundation. The Summer School materials from September 2025 cover LLM fundamentals, though the;"7a.3.1_Datenbasierte_Wissensproduktion.pptx; VU4.4_Forschungsinfrastruktur_Tag1.pptx; VU7a.4.1_Bibliotheksinformatik_Tag1.pptx; VU7a.4.1_Bibliotheksinformatik_Tag2.pptx; VU7a.4.1_Bibliotheksinformatik_Tag3.pptx; Vortragsmanuskript VU 7a.4.1 Tag 3 KI in Bibliotheken.md; Vortragsskriptum_KI_in_Bibliotheken.docx"
2025-09-28;Tag;Ereignis;4;3;28.09.2025;…**Training auf Nutzereingaben**: Consumer-Pläne (Free, Pro, Max) seit 28.09.2025 im **Opt-out**-Modus. Default Training;"Folienplan VU 7a.4.1 KI in Bibliotheken.md; Skriptum VU 7a.4.1 KI in Bibliotheken.md; VU7a.4.1_Bibliotheksinformatik_Tag3.pptx"
2025-10;Monat;Ereignis;3;2;Oktober 2025;…iC-AG sind die Application Guidelines, die aktuell in Version 0.1 vom Oktober 2025 vorliegen und damit noch in Entwickl;"VU4.4_Forschungsinfrastruktur_Tag2.pptx; Wissensdokument PF 4.4 Tag 2 Forschungsinfrastruktur.md"
2025-12;Monat;Ereignis;4;4;Dezember 2025;…her struktureller Interpretation und Layout-Erkennung. Mistral OCR 3 (Dezember 2025), DeepSeek-OCR 2 und Qwen3-VL sind ;"VU7a.4.1_Bibliotheksinformatik_Tag1.pptx; VU7a.4.1_Bibliotheksinformatik_Tag3.pptx; Vortragsmanuskript VU 7a.4.1 Tag 3 KI in Bibliotheken.md; Wissensdokument PF 4.4 Tag 3 Forschungsinfrastruktur.md"
2026;Jahr;Zitations-/Literaturjahr;156;17;2026;…ernetik und Kritik. Eine Theorie digitaler Regierungskunst*. Suhrkamp 2026. | YouTube-Interviews: Kybernetik kurz erklä;"2026-05-18 Data Librarian Forschungsinfrastruktur.md; 2026-05-22 Data Librarian Datenmodellierung und Generative KI.md; 7a.3.1_Datenbasierte_Wissensproduktion.pptx; Folienplan VU 7a.4.1 KI in Bibliotheken.md; Skriptum VU 4.4 Forschungsinfrastruktur.md; Skriptum VU 7a.4.1 KI in Bibliotheken.md; ULG Data Librarian SS 2026 Plan.md; VU Künstliche Intelligenz in Bibliotheken.md; VU4.4_Forschungsinfrastruktur_Tag3.pptx; VU7a.4.1_Bibliotheksinformatik_Tag1.pptx; VU7a.4.1_Bibliotheksinformatik_Tag2.pptx; VU7a.4.1_Bibliotheksinformatik_Tag3.pptx; Vortragsmanuskript VU 7a.4.1 Tag 3 KI in Bibliotheken.md; Vortragsskriptum_KI_in_Bibliotheken.docx; Wissensdokument PF 4.4 Tag 1 Forschungsinfrastruktur.md; Wissensdokument PF 4.4 Tag 2 Forschungsinfrastruktur.md; Wissensdokument PF 4.4 Tag 3 Forschungsinfrastruktur.md"
2026 (SS);Semester (~Mär–Jun);Ereignis;5;2;SS 2026 / Sommersemester 2026;…iversitätslehrgangs Library and Information Studies an der UB Wien im Sommersemester 2026. Drei Online-Abende Forschung;"Data Librarian Wien MOC.md; ULG Data Librarian SS 2026 Plan.md"
2026-01;Monat;Ereignis;6;4;2026-01 / Januar 2026;…Engineering“. L.I.S.A. WISSENSCHAFTSPORTAL GERDA HENKEL STIFTUNG, 17. Januar 2026. https://lisa.gerda-henkel-stiftung.d;"2026-05-22 Data Librarian Datenmodellierung und Generative KI.md; 7a.3.1_Datenbasierte_Wissensproduktion.pptx; VU Künstliche Intelligenz in Bibliotheken.md; VU7a.4.1_Bibliotheksinformatik_Tag2.pptx"
2026-01-01;Tag;Technik-Stempel;1;1;2026-01-01;created: 2026-01-01;VU Künstliche Intelligenz in Bibliotheken.md
2026-01-17;Tag;Ereignis;2;2;17. Januar 2026;…ext Engineering“. L.I.S.A. WISSENSCHAFTSPORTAL GERDA HENKEL STIFTUNG, 17. Januar 2026. https://lisa.gerda-henkel-stiftu;"2026-05-22 Data Librarian Datenmodellierung und Generative KI.md; 7a.3.1_Datenbasierte_Wissensproduktion.pptx"
2026-01-22;Tag;Ereignis;5;3;2026-01-22 / 22.01.2026;- METR (2026): *Research note: Clarifying limitations of time horizon.* https://metr.org/notes/2026-01-22-time-horizon-l;"2026-05-22 Data Librarian Datenmodellierung und Generative KI.md; 7a.3.1_Datenbasierte_Wissensproduktion.pptx; VU7a.4.1_Bibliotheksinformatik_Tag2.pptx"
2026-02;Monat;Ereignis;3;3;2026-02 / Februar 2026;…Amplifies Computer-Based Research Work.* Digital Humanities Craft, 9. Februar 2026. https://dhcraft.org/excellence/blog;"2026-05-22 Data Librarian Datenmodellierung und Generative KI.md; 7a.3.1_Datenbasierte_Wissensproduktion.pptx; Data Librarian Wien MOC.md"
2026-02-05;Tag;Technik-Stempel;1;1;2026-02-05;created: 2026-02-05;Data Librarian Wien MOC.md
2026-02-09;Tag;Ereignis;2;2;09.02.2026 / 9. Februar 2026;…ly Amplifies Computer-Based Research Work.* Digital Humanities Craft, 9. Februar 2026. https://dhcraft.org/excellence/b;"2026-05-22 Data Librarian Datenmodellierung und Generative KI.md; 7a.3.1_Datenbasierte_Wissensproduktion.pptx"
2026-02-12;Tag;Ereignis;3;2;12.02.2026;…Standard für Metadatenbeschreibung von ML-Datensätzen (veröffentlicht 12.02.2026), JSON-LD auf schema.org, mit PROV-O-P;"Skriptum VU 4.4 Forschungsinfrastruktur.md; ULG Data Librarian SS 2026 Plan.md"
2026-04;Monat;Ereignis;14;4;April 2026;Workspace-Produkt von Anthropic Labs (April 2026, Opus 4.8), das aus Sprache, Dokumenten, Bildern oder Codebasen produkt;"Folienplan VU 7a.4.1 KI in Bibliotheken.md; Skriptum VU 7a.4.1 KI in Bibliotheken.md; VU7a.4.1_Bibliotheksinformatik_Tag3.pptx; Wissensdokument PF 4.4 Tag 3 Forschungsinfrastruktur.md"
2026-04-17;Tag;Ereignis;3;3;17.4.2026;- **Claude Design**: Web-App unter claude.ai/design (Research Preview seit 17.4.2026);"Folienplan VU 7a.4.1 KI in Bibliotheken.md; Skriptum VU 7a.4.1 KI in Bibliotheken.md; VU7a.4.1_Bibliotheksinformatik_Tag3.pptx"
2026-04-22;Tag;Ereignis;1;1;22.04.2026;| **Ort** | Online (Bestätigung 22.04.2026 an Lehrgangskoordination UB Wien) |;2026-05-18 Data Librarian Forschungsinfrastruktur.md
2026-05;Monat;Ereignis;45;15;2026-05 / Mai 2026;Überblick der Claude-Produkte Stand Mai 2026. Acht Plattform-Variationen, die alle dasselbe Grundmodell in unterschiedli;"2026-05-18 Data Librarian Forschungsinfrastruktur.md; 2026-05-22 Data Librarian Datenmodellierung und Generative KI.md; 7a.3.1_Datenbasierte_Wissensproduktion.pptx; Data Librarian Wien MOC.md; Folienplan VU 7a.4.1 KI in Bibliotheken.md; SZD-HTR als Lehrbeispiel.md; Skriptum VU 4.4 Forschungsinfrastruktur.md; Skriptum VU 7a.4.1 KI in Bibliotheken.md; ULG Data Librarian SS 2026 Plan.md; VU4.4_Forschungsinfrastruktur_Tag1.pptx; VU4.4_Forschungsinfrastruktur_Tag2.pptx; VU4.4_Forschungsinfrastruktur_Tag3.pptx; Wissensdokument PF 4.4 Tag 1 Forschungsinfrastruktur.md; Wissensdokument PF 4.4 Tag 2 Forschungsinfrastruktur.md; Wissensdokument PF 4.4 Tag 3 Forschungsinfrastruktur.md"
2026-05-10;Tag;Ereignis;1;1;10.05.2026;"Maynard, Andrew. ""Do not do this with AI!"" The Future of Being Human, 10.05.2026.";VU7a.4.1_Bibliotheksinformatik_Tag1.pptx
2026-05-11;Tag;Ereignis;1;1;11.05.2026;Interaction Models: A Scalable Approach to Human-AI Collaboration. 11.05.2026. https://thinkingmachines.ai/blog/interact;VU7a.4.1_Bibliotheksinformatik_Tag3.pptx
2026-05-13;Tag;Technik-Stempel;3;2;2026-05-13;created: 2026-05-13;"ULG Data Librarian SS 2026 Plan.md; Wissensdokument PF 4.4 Tag 1 Forschungsinfrastruktur.md"
2026-05-14;Tag;Technik-Stempel;2;2;2026-05-14;created: 2026-05-14;"Skriptum VU 4.4 Forschungsinfrastruktur.md; Wissensdokument PF 4.4 Tag 1 Forschungsinfrastruktur.md"
2026-05-17;Tag;Technik-Stempel;4;2;2026-05-17;Dieses Dokument ist angelegt am 2026-05-17. Alle neun Blöcke sind in derselben Session ausgearbeitet auf Basis d…;"Wissensdokument PF 4.4 Tag 2 Forschungsinfrastruktur.md; Wissensdokument PF 4.4 Tag 3 Forschungsinfrastruktur.md"
2026-05-18;Tag;Ereignis;11;5;18. Mai 2026 / 18.05.2026 / 2026-05-18;…wickeln sich rasch. Zwischen Plan-Erstellung (Mai 2026) und Workshop (18.05.2026) liegen nur wenige Tage, aber zwischen;"2026-05-22 Data Librarian Datenmodellierung und Generative KI.md; Data Librarian Wien MOC.md; ULG Data Librarian SS 2026 Plan.md; VU4.4_Forschungsinfrastruktur_Tag1.pptx; Wissensdokument PF 4.4 Tag 1 Forschungsinfrastruktur.md"
2026-05-19;Tag;Ereignis;3;3;19. Mai 2026 / 19.05.2026;**Universitätslehrgang Library and Information Studies, UB Wien · 19.05.2026, 17–21 Uhr**;"Data Librarian Wien MOC.md; VU4.4_Forschungsinfrastruktur_Tag2.pptx; Wissensdokument PF 4.4 Tag 2 Forschungsinfrastruktur.md"
2026-05-20;Tag;Ereignis;6;4;20. Mai 2026 / 20.05.2026 / 2026-05-20;…Drei Abende online, 27 Teilnehmer:innen. Durchgeführt 2026-05-18 bis 2026-05-20. Tag 1 Forschungsinfrastruktur als kont;"2026-05-18 Data Librarian Forschungsinfrastruktur.md; Data Librarian Wien MOC.md; VU4.4_Forschungsinfrastruktur_Tag3.pptx; Wissensdokument PF 4.4 Tag 3 Forschungsinfrastruktur.md"
2026-05-22;Tag;Ereignis;13;6;2026-05-22 / 22. Mai 2026 / 22.05.2026;…hop-Stubs `2026-05-18 Data Librarian Forschungsinfrastruktur.md` und `2026-05-22 Data Librarian Datenmodellierung und G;"2026-05-18 Data Librarian Forschungsinfrastruktur.md; 2026-05-22 Data Librarian Datenmodellierung und Generative KI.md; 7a.3.1_Datenbasierte_Wissensproduktion.pptx; Data Librarian Wien MOC.md; ULG Data Librarian SS 2026 Plan.md; Wissensdokument PF 4.4 Tag 3 Forschungsinfrastruktur.md"
2026-05-25;Tag;Technik-Stempel;2;2;2026-05-25;created: 2026-05-25;"Folienplan VU 7a.4.1 KI in Bibliotheken.md; Skriptum VU 7a.4.1 KI in Bibliotheken.md"
2026-06;Monat;Ereignis;21;10;2026-06 / Juni 2026;- [Tag 1: Die Bibliothek als KI-Umgebung](https://docs.google.com/presentation/d/1p6oRuF2NBqXm3jZ_VuNyST7qzpzbG1AFWuXUsw;"Data Librarian Wien MOC.md; Folienplan VU 7a.4.1 KI in Bibliotheken.md; SZD-HTR als Lehrbeispiel.md; Skriptum VU 7a.4.1 KI in Bibliotheken.md; VU Künstliche Intelligenz in Bibliotheken.md; VU7a.4.1_Bibliotheksinformatik_Tag1.pptx; VU7a.4.1_Bibliotheksinformatik_Tag2.pptx; VU7a.4.1_Bibliotheksinformatik_Tag3.pptx; Vortragsmanuskript VU 7a.4.1 Tag 3 KI in Bibliotheken.md; Vortragsskriptum_KI_in_Bibliotheken.docx"
2026-06-01;Tag;Ereignis;1;1;2026-06-01;https://www.reuters.com/business/ai-giant-anthropic-confidentially-files-us-ipo-2026-06-01/?utm_source=chatgpt.com;VU7a.4.1_Bibliotheksinformatik_Tag2.pptx
2026-06-04;Tag;Ereignis;1;1;04.06.2026;- Skripten bis spätestens 04.06.2026 an ulg@onb.ac.at übermitteln oder auf Moodle bereitstellen;VU Künstliche Intelligenz in Bibliotheken.md
2026-06-08;Tag;Ereignis;5;4;08.06.2026 / 8. Juni / 8. Juni 2026;- [Tag 1: Die Bibliothek als KI-Umgebung](https://docs.google.com/presentation/d/1p6oRuF2NBqXm3jZ_VuNyST7qzpzbG1AFWuXUsw;"Data Librarian Wien MOC.md; Folienplan VU 7a.4.1 KI in Bibliotheken.md; VU Künstliche Intelligenz in Bibliotheken.md; VU7a.4.1_Bibliotheksinformatik_Tag1.pptx"
2026-06-09;Tag;Technik-Stempel;11;6;09.06.2026 / 2026-06-09 / 9. Juni;- [Tag 2: Sprachmodelle und Grenzen](https://docs.google.com/presentation/d/1TDVFRRuh4xNx-SeZRSC1NcRgzWv-6EOZTIzRQ6_wZy0;"Data Librarian Wien MOC.md; Folienplan VU 7a.4.1 KI in Bibliotheken.md; Skriptum VU 7a.4.1 KI in Bibliotheken.md; VU Künstliche Intelligenz in Bibliotheken.md; VU7a.4.1_Bibliotheksinformatik_Tag2.pptx; Vortragsmanuskript VU 7a.4.1 Tag 3 KI in Bibliotheken.md"
2026-06-10;Tag;Ereignis;11;7;10. Juni / 10. Juni 2026 / 10.06.2026;- [Tag 3: Vom Prompt zur Strategie](https://docs.google.com/presentation/d/17RUPp3cDkwGM2CLISMbRu6uRKI0XSTxC0-qaaHkNCic/;"Data Librarian Wien MOC.md; Folienplan VU 7a.4.1 KI in Bibliotheken.md; Skriptum VU 7a.4.1 KI in Bibliotheken.md; VU Künstliche Intelligenz in Bibliotheken.md; VU7a.4.1_Bibliotheksinformatik_Tag3.pptx; Vortragsmanuskript VU 7a.4.1 Tag 3 KI in Bibliotheken.md; Vortragsskriptum_KI_in_Bibliotheken.docx"
2026-06-11;Tag;Technik-Stempel;2;1;2026-06-11;created: 2026-06-11;SZD-HTR als Lehrbeispiel.md
2026-06-18;Tag (Jahr=2026 aus Kontext);Ereignis;1;1;18. Juni;Der nachfolgende Block Media-Lab (16. bis 18. Juni, Präsenz ÖNB) behandelt Storytelling, SEO, Social Media und Barrieref;VU Künstliche Intelligenz in Bibliotheken.md
2026-06-26;Tag;Ereignis;4;3;26.06.2026;…lus kurzer ReadMe.md zu erreichtem Stand plus kurzer Reflexion. Frist 26.06.2026. [Moodle-Link](https://moodle.univie.a;"2026-05-22 Data Librarian Datenmodellierung und Generative KI.md; 7a.3.1_Datenbasierte_Wissensproduktion.pptx; Data Librarian Wien MOC.md"
2026-08;Monat;Ereignis;9;4;August 2026;…Anwendung seit 2. Februar 2025, Marktüberwachung und Sanktionen ab 2. August 2026): Pflicht zur AI Literacy bei Provide;"Skriptum VU 4.4 Forschungsinfrastruktur.md; ULG Data Librarian SS 2026 Plan.md; VU7a.4.1_Bibliotheksinformatik_Tag1.pptx; Wissensdokument PF 4.4 Tag 3 Forschungsinfrastruktur.md"
2026-08-02;Tag;Ereignis;5;3;2. August 2026;…in Anwendung seit 2. Februar 2025, Marktüberwachung und Sanktionen ab 2. August 2026): Pflicht zur AI Literacy bei Prov;"Skriptum VU 4.4 Forschungsinfrastruktur.md; ULG Data Librarian SS 2026 Plan.md; Wissensdokument PF 4.4 Tag 3 Forschungsinfrastruktur.md"
2026-12 (±, Anker 2026-06);relativ;Ereignis;2;2;in sechs Monaten;…s mehr, Anthropic entfernte sie. Manus revidierte den Harness fünfmal in sechs Monaten.Audit-Fragen für die Praxis.1;"VU7a.4.1_Bibliotheksinformatik_Tag1.pptx; VU7a.4.1_Bibliotheksinformatik_Tag3.pptx"
2027;Jahr;Zitations-/Literaturjahr;1;1;2027;| **Lehrgang** | [ULG Library and Information Studies (Berufsbegleitend) 2025/2026/2027](https://bibliothek.univie.ac.at;2026-05-18 Data Librarian Forschungsinfrastruktur.md
2027-08;Monat;Ereignis;2;2;August 2027;| 2 August 2027 | High-risk systems as safety components under Annex I (Article 6(1)) |;"VU7a.4.1_Bibliotheksinformatik_Tag1.pptx; Wissensdokument PF 4.4 Tag 3 Forschungsinfrastruktur.md"
2027-08-02;Tag;Ereignis;1;1;2. August 2027;- **2. August 2027.** Vollständige Anwendung aller Bestimmungen.;Wissensdokument PF 4.4 Tag 3 Forschungsinfrastruktur.md
2028;Jahr;Ereignis;4;2;2028;…fikat für Trustworthy Digital Repositories (aktuell Requirements 2026-2028) mit 16 Anforderungen in drei Gruppen (Organ;"ULG Data Librarian SS 2026 Plan.md; Wissensdokument PF 4.4 Tag 2 Forschungsinfrastruktur.md"
2028-08;Monat;Ereignis;1;1;August 2028;| 2 August 2028 | First evaluation report on Annex III amendments, transparency, supervision, standardisation |;VU7a.4.1_Bibliotheksinformatik_Tag1.pptx
2029-08;Monat;Ereignis;1;1;August 2029;| 2 August 2029 | First general evaluation and review report |;VU7a.4.1_Bibliotheksinformatik_Tag1.pptx
2030;Jahr;Ereignis;2;2;2030;| 31 December 2030 | Large-scale IT systems (Annex X) compliance deadline |;"VU7a.4.1_Bibliotheksinformatik_Tag1.pptx; VU7a.4.1_Bibliotheksinformatik_Tag2.pptx"
2030-08;Monat;Ereignis;1;1;August 2030;| 2 August 2030 | Public-authority high-risk AI deployers compliance deadline |;VU7a.4.1_Bibliotheksinformatik_Tag1.pptx
2031 (±, Anker 2026-06-18);relativ;Ereignis;3;3;in 5 Jahren;### Folie · Roboter sind in 5 Jahren product-ready (General-Purpose Robotics);"Folienplan VU 7a.4.1 KI in Bibliotheken.md; Skriptum VU 7a.4.1 KI in Bibliotheken.md; VU7a.4.1_Bibliotheksinformatik_Tag3.pptx"
2048;Jahr;Ereignis;1;1;2048;…x ist die Zweibyte-Form, fünf plus sechs Bit Nutzdaten, 11 Bit ergibt 2048 mögliche Codepoints, abzüglich der ASCII-Ber;VU4.4_Forschungsinfrastruktur_Tag1.pptx
2050;Jahr;Ereignis;1;1;2050;<dc:date>2050</dc:date>;VU4.4_Forschungsinfrastruktur_Tag2.pptx
relativ (Anker 2026-06-18);relativ;Ereignis;67;13;Heute / gestern / heute;…weil er das Beenden nicht beherrscht. Das ist die Urszene dessen, was heute Zielspezifikations- und Kontrollproblem hei;"7a.3.1_Datenbasierte_Wissensproduktion.pptx; Folienplan VU 7a.4.1 KI in Bibliotheken.md; Skriptum VU 4.4 Forschungsinfrastruktur.md; Skriptum VU 7a.4.1 KI in Bibliotheken.md; ULG Data Librarian SS 2026 Plan.md; VU4.4_Forschungsinfrastruktur_Tag1.pptx; VU4.4_Forschungsinfrastruktur_Tag2.pptx; VU4.4_Forschungsinfrastruktur_Tag3.pptx; VU7a.4.1_Bibliotheksinformatik_Tag2.pptx; VU7a.4.1_Bibliotheksinformatik_Tag3.pptx; Vortragsmanuskript VU 7a.4.1 Tag 3 KI in Bibliotheken.md; Vortragsskriptum_KI_in_Bibliotheken.docx; Wissensdokument PF 4.4 Tag 2 Forschungsinfrastruktur.md"
